{
    "gt": "OCR-D-GT-SEG-LINE/OCR-D-GT-SEG-LINE_0003.xml",
    "ocr": "CALA-GT4HIST/CALA-GT4HIST_0003.xml",

    "cer": 0.07770472205618649,
    "wer": 0.1320754716981132,

    "n_characters": 1673,
    "n_words": 265
}